"","combined_pvalue","adjusted_pvalue"
"MALAT1",5.55e-17,2.15691863528622e-15
"COX6C",5.55e-17,2.15691863528622e-15
"MGP",5.55e-17,2.15691863528622e-15
"KRT19",5.55e-17,2.15691863528622e-15
"HLA-A",5.55e-17,2.15691863528622e-15
"MYL9",5.55e-17,2.15691863528622e-15
"FTL",5.55e-17,2.15691863528622e-15
"EEF1A1",5.55e-17,2.15691863528622e-15
"SPARC",5.55e-17,2.15691863528622e-15
"AQP4",5.55e-17,2.15691863528622e-15
"RPL13A",5.55e-17,2.15691863528622e-15
"TAGLN",5.55e-17,2.15691863528622e-15
"RPS27",5.55e-17,2.15691863528622e-15
"B2M",5.55e-17,2.15691863528622e-15
"AGT",5.55e-17,2.15691863528622e-15
"CXCL14",5.55e-17,2.15691863528622e-15
"H2AFJ",5.55e-17,2.15691863528622e-15
"NUPR1",5.55e-17,2.15691863528622e-15
"KRT8",5.55e-17,2.15691863528622e-15
"HLA-DRA",5.55e-17,2.15691863528622e-15
"ENC1",5.55e-17,2.15691863528622e-15
"AZGP1",5.55e-17,2.15691863528622e-15
"HBA2",5.55e-17,2.15691863528622e-15
"PTGDS",5.55e-17,2.15691863528622e-15
"RPS19",5.55e-17,2.15691863528622e-15
"TFF3",5.55e-17,2.15691863528622e-15
"BAMBI",5.55e-17,2.15691863528622e-15
"IFI27",5.55e-17,2.15691863528622e-15
"CD74",5.55e-17,2.15691863528622e-15
"KRT18",5.55e-17,2.15691863528622e-15
"HLA-B",5.55e-17,2.15691863528622e-15
"HPCAL1",5.55e-17,2.15691863528622e-15
"SERPINE2",5.55e-17,2.15691863528622e-15
"HOPX",5.55e-17,2.15691863528622e-15
"OLFM1",5.55e-17,2.15691863528622e-15
"PCDH8",5.55e-17,2.15691863528622e-15
"TESPA1",5.55e-17,2.15691863528622e-15
"CADM3",5.55e-17,2.15691863528622e-15
"RBP4",5.55e-17,2.15691863528622e-15
"NSG2",5.55e-17,2.15691863528622e-15
"VSTM2A",5.55e-17,2.15691863528622e-15
"MEF2C",5.55e-17,2.15691863528622e-15
"TFF1",5.55e-17,2.15691863528622e-15
"MIF",5.55e-17,2.15691863528622e-15
"SLC12A5",5.55e-17,2.15691863528622e-15
"CUX2",5.55e-17,2.15691863528622e-15
"NEFL",5.55e-17,2.15691863528622e-15
"GAP43",5.55e-17,2.15691863528622e-15
"SNCG",5.55e-17,2.15691863528622e-15
"NEFM",5.55e-17,2.15691863528622e-15
"ATP1A1",5.55e-17,2.15691863528622e-15
"GABRD",5.55e-17,2.15691863528622e-15
"MDH1",5.55e-17,2.15691863528622e-15
"INA",5.55e-17,2.15691863528622e-15
"HAPLN4",5.55e-17,2.15691863528622e-15
"CRYM",5.55e-17,2.15691863528622e-15
"CABP1",5.55e-17,2.15691863528622e-15
"CARTPT",5.55e-17,2.15691863528622e-15
"CA10",5.55e-17,2.15691863528622e-15
"ATP2B2",5.55e-17,2.15691863528622e-15
"CALB1",5.55e-17,2.15691863528622e-15
"SLC30A3",5.55e-17,2.15691863528622e-15
"VSTM2L",5.55e-17,2.15691863528622e-15
"NSF",5.55e-17,2.15691863528622e-15
"CBLN4",5.55e-17,2.15691863528622e-15
"SCN1B",5.55e-17,2.15691863528622e-15
"NEFH",5.55e-17,2.15691863528622e-15
"DCLK1",5.55e-17,2.15691863528622e-15
"PVALB",5.55e-17,2.15691863528622e-15
"ALDOA",5.55e-17,2.15691863528622e-15
"PCP4",5.55e-17,2.15691863528622e-15
"DIRAS2",5.55e-17,2.15691863528622e-15
"MBP",5.55e-17,2.15691863528622e-15
"KRT17",5.55e-17,2.15691863528622e-15
"SCGB2A2",5.55e-17,2.15691863528622e-15
"TF",5.55e-17,2.15691863528622e-15
"SCGB1D2",5.55e-17,2.15691863528622e-15
"MTURN",5.55e-17,2.15691863528622e-15
"B3GALT2",5.55e-17,2.15691863528622e-15
"MOBP",5.55e-17,2.15691863528622e-15
"CRYAB",5.55e-17,2.15691863528622e-15
"TUBA1A",5.55e-17,2.15691863528622e-15
"S100B",5.55e-17,2.15691863528622e-15
"CLDND1",5.55e-17,2.15691863528622e-15
"SCD",5.55e-17,2.15691863528622e-15
"CPB1",5.55e-17,2.15691863528622e-15
"APLP1",5.55e-17,2.15691863528622e-15
"SPP1",5.55e-17,2.15691863528622e-15
"ERMN",5.55e-17,2.15691863528622e-15
"SEPT4",5.55e-17,2.15691863528622e-15
"RNASE1",5.55e-17,2.15691863528622e-15
"BCAS1",5.55e-17,2.15691863528622e-15
"SELENOP",5.55e-17,2.15691863528622e-15
"MAG",5.55e-17,2.15691863528622e-15
"QDPR",5.55e-17,2.15691863528622e-15
"PAQR6",5.55e-17,2.15691863528622e-15
"QKI",5.55e-17,2.15691863528622e-15
"PPP1R14A",5.55e-17,2.15691863528622e-15
"MAL",5.55e-17,2.15691863528622e-15
"CARNS1",5.55e-17,2.15691863528622e-15
"LINC00844",5.55e-17,2.15691863528622e-15
"OPALIN",5.55e-17,2.15691863528622e-15
"HBB",5.55e-17,2.15691863528622e-15
"GPM6B",5.55e-17,2.15691863528622e-15
"MUC1",5.55e-17,2.15691863528622e-15
"CLDN11",5.55e-17,2.15691863528622e-15
"SORT1",5.55e-17,2.15691863528622e-15
"TP53INP2",5.55e-17,2.15691863528622e-15
"NDRG1",5.55e-17,2.15691863528622e-15
"IFITM3",5.55e-17,2.15691863528622e-15
"TSC22D4",5.55e-17,2.15691863528622e-15
"CSRP1",5.55e-17,2.15691863528622e-15
"SYNJ2",5.55e-17,2.15691863528622e-15
"TPPP",5.55e-17,2.15691863528622e-15
"GPRC5B",5.55e-17,2.15691863528622e-15
"LPAR1",5.55e-17,2.15691863528622e-15
"LAMP2",5.55e-17,2.15691863528622e-15
"CALML5",5.55e-17,2.15691863528622e-15
"HIPK2",5.55e-17,2.15691863528622e-15
"APOD",5.55e-17,2.15691863528622e-15
"UGT8",5.55e-17,2.15691863528622e-15
"MARCKSL1",5.55e-17,2.15691863528622e-15
"PLEKHB1",5.55e-17,2.15691863528622e-15
"MOG",5.55e-17,2.15691863528622e-15
"ENPP2",5.55e-17,2.15691863528622e-15
"PTMA",5.55e-17,2.15691863528622e-15
"HSPA2",5.55e-17,2.15691863528622e-15
"TMEM144",5.55e-17,2.15691863528622e-15
"ABCA2",5.55e-17,2.15691863528622e-15
"CNTN2",5.55e-17,2.15691863528622e-15
"FEZ1",5.55e-17,2.15691863528622e-15
"GSN",5.55e-17,2.15691863528622e-15
"PMP22",5.55e-17,2.15691863528622e-15
"PLLP",5.55e-17,2.15691863528622e-15
"LHPP",5.55e-17,2.15691863528622e-15
"EDIL3",5.55e-17,2.15691863528622e-15
"OLIG1",5.55e-17,2.15691863528622e-15
"SLC44A1",5.55e-17,2.15691863528622e-15
"NKX6-2",5.55e-17,2.15691863528622e-15
"ELOVL1",5.55e-17,2.15691863528622e-15
"PLA2G16",5.55e-17,2.15691863528622e-15
"EFHD1",5.55e-17,2.15691863528622e-15
"SIRT2",5.55e-17,2.15691863528622e-15
"PIP4K2A",5.55e-17,2.15691863528622e-15
"SUN2",5.55e-17,2.15691863528622e-15
"FGFR2",5.55e-17,2.15691863528622e-15
"TTYH2",5.55e-17,2.15691863528622e-15
"CBR1",5.55e-17,2.15691863528622e-15
"SLAIN1",5.55e-17,2.15691863528622e-15
"CERCAM",5.55e-17,2.15691863528622e-15
"KLK6",5.55e-17,2.15691863528622e-15
"MYRF",5.55e-17,2.15691863528622e-15
"CD9",5.55e-17,2.15691863528622e-15
"PLEKHH1",5.55e-17,2.15691863528622e-15
"PADI2",5.55e-17,2.15691863528622e-15
"CNDP1",5.55e-17,2.15691863528622e-15
"SEPT8",5.55e-17,2.15691863528622e-15
"TPPP3",5.55e-17,2.15691863528622e-15
"NENF",5.55e-17,2.15691863528622e-15
"RASSF2",5.55e-17,2.15691863528622e-15
"HAPLN2",5.55e-17,2.15691863528622e-15
"SEMA3B",5.55e-17,2.15691863528622e-15
"GPR37",5.55e-17,2.15691863528622e-15
"FAM107B",5.55e-17,2.15691863528622e-15
"H3F3B",5.55e-17,2.15691863528622e-15
"BIN1",5.55e-17,2.15691863528622e-15
"PTP4A2",5.55e-17,2.15691863528622e-15
"PREX1",5.55e-17,2.15691863528622e-15
"C1ORF198",5.55e-17,2.15691863528622e-15
"AIF1L",5.55e-17,2.15691863528622e-15
"CDKN1C",5.55e-17,2.15691863528622e-15
"JAM3",5.55e-17,2.15691863528622e-15
"VWA1",5.55e-17,2.15691863528622e-15
"PRR18",5.55e-17,2.15691863528622e-15
"AMER2",5.55e-17,2.15691863528622e-15
"CERS2",5.55e-17,2.15691863528622e-15
"SLC48A1",5.55e-17,2.15691863528622e-15
"ANLN",5.55e-17,2.15691863528622e-15
"FA2H",5.55e-17,2.15691863528622e-15
"SEMA4D",5.55e-17,2.15691863528622e-15
"FGF1",5.55e-17,2.15691863528622e-15
"DAAM2",5.55e-17,2.15691863528622e-15
"SLC12A2",5.55e-17,2.15691863528622e-15
"GLDN",5.55e-17,2.15691863528622e-15
"SOX8",5.55e-17,2.15691863528622e-15
"CDC42EP1",5.55e-17,2.15691863528622e-15
"RAPGEF5",5.55e-17,2.15691863528622e-15
"BOK",5.55e-17,2.15691863528622e-15
"EVI2A",5.55e-17,2.15691863528622e-15
"CMTM5",5.55e-17,2.15691863528622e-15
"TMEM63A",5.55e-17,2.15691863528622e-15
"RNF130",5.55e-17,2.15691863528622e-15
"HEPACAM",5.55e-17,2.15691863528622e-15
"FMNL2",5.55e-17,2.15691863528622e-15
"DDR1",5.55e-17,2.15691863528622e-15
"PHLDB1",5.55e-17,2.15691863528622e-15
"RHOU",5.55e-17,2.15691863528622e-15
"SPOCK3",5.55e-17,2.15691863528622e-15
"SHTN1",5.55e-17,2.15691863528622e-15
"CFL2",5.55e-17,2.15691863528622e-15
"SOX10",5.55e-17,2.15691863528622e-15
"GLTP",5.55e-17,2.15691863528622e-15
"RNF13",5.55e-17,2.15691863528622e-15
"AATK",5.55e-17,2.15691863528622e-15
"MAP4K4",5.55e-17,2.15691863528622e-15
"GJC2",5.55e-17,2.15691863528622e-15
"CDK18",5.55e-17,2.15691863528622e-15
"ADAMTS4",5.55e-17,2.15691863528622e-15
"ZEB2",5.55e-17,2.15691863528622e-15
"LAMP1",5.55e-17,2.15691863528622e-15
"LITAF",5.55e-17,2.15691863528622e-15
"LGALS3BP",5.55e-17,2.15691863528622e-15
"OLIG2",5.55e-17,2.15691863528622e-15
"PLPP2",5.55e-17,2.15691863528622e-15
"ANKRD40",5.55e-17,2.15691863528622e-15
"CA2",5.55e-17,2.15691863528622e-15
"EEF1D",5.55e-17,2.15691863528622e-15
"MTUS1",5.55e-17,2.15691863528622e-15
"PLXNB1",5.55e-17,2.15691863528622e-15
"TMEM98",5.55e-17,2.15691863528622e-15
"SLCO1A2",5.55e-17,2.15691863528622e-15
"ZCCHC24",5.55e-17,2.15691863528622e-15
"RPS9",5.55e-17,2.15691863528622e-15
"KIAA0930",5.55e-17,2.15691863528622e-15
"PKP4",5.55e-17,2.15691863528622e-15
"ISG15",5.55e-17,2.15691863528622e-15
"XBP1",5.55e-17,2.15691863528622e-15
"SAA1",5.55e-17,2.15691863528622e-15
"FABP4",5.55e-17,2.15691863528622e-15
"IGHA1",5.55e-17,2.15691863528622e-15
"S100A11",5.55e-17,2.15691863528622e-15
"IGFBP5",5.55e-17,2.15691863528622e-15
"ERBB3",5.55e-17,2.15691863528622e-15
"CLIC4",5.55e-17,2.15691863528622e-15
"COL3A1",5.55e-17,2.15691863528622e-15
"IGKC",5.55e-17,2.15691863528622e-15
"IGLC2",5.55e-17,2.15691863528622e-15
"WNK1",5.55e-17,2.15691863528622e-15
"BACE1",5.55e-17,2.15691863528622e-15
"MID1IP1",5.55e-17,2.15691863528622e-15
"DYNC1I2",5.55e-17,2.15691863528622e-15
"GFAP",1.11022302462516e-16,3.85127284754232e-15
"RPL13",1.11022302462516e-16,3.85127284754232e-15
"FBXL16",1.11022302462516e-16,3.85127284754232e-15
"FABP7",1.11022302462516e-16,3.85127284754232e-15
"NRGN",1.11022302462516e-16,3.85127284754232e-15
"NPTXR",1.11022302462516e-16,3.85127284754232e-15
"HPCA",1.11022302462516e-16,3.85127284754232e-15
"LINC00507",1.11022302462516e-16,3.85127284754232e-15
"CAMK2A",1.11022302462516e-16,3.85127284754232e-15
"CCK",1.11022302462516e-16,3.85127284754232e-15
"NDUFA4",1.11022302462516e-16,3.85127284754232e-15
"STMN2",1.11022302462516e-16,3.85127284754232e-15
"RAB3A",1.11022302462516e-16,3.85127284754232e-15
"GNG3",1.11022302462516e-16,3.85127284754232e-15
"SNCB",1.11022302462516e-16,3.85127284754232e-15
"SCRT1",1.11022302462516e-16,3.85127284754232e-15
"RORB",1.11022302462516e-16,3.85127284754232e-15
"FRMPD2",1.11022302462516e-16,3.85127284754232e-15
"NAP1L2",1.11022302462516e-16,3.85127284754232e-15
"HS3ST2",1.11022302462516e-16,3.85127284754232e-15
"PLP1",1.11022302462516e-16,3.85127284754232e-15
"CNP",1.11022302462516e-16,3.85127284754232e-15
"H3F3A",1.11022302462516e-16,3.85127284754232e-15
"TLE4",1.11022302462516e-16,3.85127284754232e-15
"HLA-C",1.11022302462516e-16,3.85127284754232e-15
"NCAM1",1.11022302462516e-16,3.85127284754232e-15
"RNH1",1.11022302462516e-16,3.85127284754232e-15
"FXYD3",1.11022302462516e-16,3.85127284754232e-15
"TUBB4A",1.11022302462516e-16,3.85127284754232e-15
"PCSK1N",2.22044604925031e-16,6.97881656937199e-15
"RPL30",2.22044604925031e-16,6.97881656937199e-15
"RPL28",2.22044604925031e-16,6.97881656937199e-15
"RPS12",2.22044604925031e-16,6.97881656937199e-15
"CNR1",2.22044604925031e-16,6.97881656937199e-15
"SOWAHA",2.22044604925031e-16,6.97881656937199e-15
"LMO4",2.22044604925031e-16,6.97881656937199e-15
"C11ORF87",2.22044604925031e-16,6.97881656937199e-15
"RGS4",2.22044604925031e-16,6.97881656937199e-15
"GABRA1",2.22044604925031e-16,6.97881656937199e-15
"GPX3",2.22044604925031e-16,6.97881656937199e-15
"BEX5",2.22044604925031e-16,6.97881656937199e-15
"NSG1",2.22044604925031e-16,6.97881656937199e-15
"NRN1",2.22044604925031e-16,6.97881656937199e-15
"TAGLN3",2.22044604925031e-16,6.97881656937199e-15
"ARF5",2.22044604925031e-16,6.97881656937199e-15
"SCN1A",2.22044604925031e-16,6.97881656937199e-15
"VAMP1",2.22044604925031e-16,6.97881656937199e-15
"CPLX1",2.22044604925031e-16,6.97881656937199e-15
"FABP3",2.22044604925031e-16,6.97881656937199e-15
"SLC35F1",2.22044604925031e-16,6.97881656937199e-15
"TBR1",2.22044604925031e-16,6.97881656937199e-15
"PEA15",2.22044604925031e-16,6.97881656937199e-15
"RPS29",2.22044604925031e-16,6.97881656937199e-15
"RGCC",2.22044604925031e-16,6.97881656937199e-15
"APOC1",2.22044604925031e-16,6.97881656937199e-15
"EPB41L2",2.22044604925031e-16,6.97881656937199e-15
"HBA1",2.22044604925031e-16,6.97881656937199e-15
"CALY",5.55111512312578e-16,1.73886901143215e-14
"GRIA4",6.66133814775094e-16,2.05909637393352e-14
"EEF1A2",6.66133814775094e-16,2.05909637393352e-14
"FTH1",6.66133814775094e-16,2.05909637393352e-14
"RPS6",6.66133814775094e-16,2.05909637393352e-14
"RPL10",8.88178419700125e-16,2.70089264632838e-14
"VSNL1",8.88178419700125e-16,2.70089264632838e-14
"DBNDD1",8.88178419700125e-16,2.70089264632838e-14
"BASP1",8.88178419700125e-16,2.70089264632838e-14
"PARM1",8.88178419700125e-16,2.70089264632838e-14
"RPS2",1.11022302462516e-15,3.35433441560137e-14
"CRABP2",1.11022302462516e-15,3.35433441560137e-14
"NDRG4",1.33226762955019e-15,4.01225852927238e-14
"RPL21",1.4432899320127e-15,4.33268195348511e-14
"NECAB2",1.55431223447522e-15,4.62152741705078e-14
"GABRG2",1.55431223447522e-15,4.62152741705078e-14
"SYT1",1.55431223447522e-15,4.62152741705078e-14
"RPL19",2.22044604925031e-15,6.58128904326852e-14
"UQCRH",2.44249065417534e-15,7.19388701710735e-14
"DBI",2.44249065417534e-15,7.19388701710735e-14
"NPTN",2.88657986402541e-15,8.47521485572009e-14
"ARPP21",3.10862446895044e-15,9.09863210231873e-14
"SMIM22",3.99680288865056e-15,1.16617981551749e-13
"TUBB2A",5.77315972805081e-15,1.67405172691932e-13
"ELAVL4",5.77315972805081e-15,1.67405172691932e-13
"SLC39A10",6.10622663543836e-15,1.76516672179023e-13
"ATP5MC3",7.7715611723761e-15,2.23966328672461e-13
"MT1G",8.43769498715119e-15,2.41676204377885e-13
"NELL2",8.43769498715119e-15,2.41676204377885e-13
"DPYSL2",8.65973959207622e-15,2.47279896857443e-13
"SNORC",9.54791801177635e-15,2.71813238662409e-13
"KCNA2",1.08801856413265e-14,3.08802059230211e-13
"FAM84A",1.53210777398272e-14,4.33529988820021e-13
"MOAP1",1.62092561595273e-14,4.57280649548549e-13
"CTNNA2",1.65423230669148e-14,4.65275395365248e-13
"GRIN1",1.82076576038526e-14,5.10581921225072e-13
"GRIN2A",2.1538326677728e-14,6.02178124639602e-13
"GABRB2",2.16493489801906e-14,6.03480700663997e-13
"ZFP36L1",2.68673971959288e-14,7.46712664268294e-13
"YWHAH",2.90878432451791e-14,8.06032666376165e-13
"APOE",3.86357612569554e-14,1.06745013792058e-12
"LAMP5",3.97459842815806e-14,1.09489421601012e-12
"NCS1",4.31876756579186e-14,1.18274616133734e-12
"PRKCSH",4.31876756579186e-14,1.18274616133734e-12
"NFIA",4.49640324973188e-14,1.22780374891765e-12
"SYN2",5.79536418854332e-14,1.57790231143202e-12
"PI4KA",5.88418203051333e-14,1.59582944552642e-12
"MT2A",5.89528426075958e-14,1.59582944552642e-12
"METRN",5.95079541199084e-14,1.60621385157442e-12
"LINC01007",6.72795152922845e-14,1.81076225090481e-12
"TSPAN7",7.1276318180935e-14,1.91283563149853e-12
"TMSB4X",9.76996261670138e-14,2.61446408164587e-12
"CHCHD10",1.00697228333502e-13,2.68700344055453e-12
"CLSTN2",1.24567023362943e-13,3.31450169441611e-12
"KCNIP4",1.28119737041743e-13,3.39937561993551e-12
"SLC24A2",1.38111744263369e-13,3.65413989839693e-12
"RAB3C",1.38888900380607e-13,3.66435050623766e-12
"PCDH17",1.69197988952874e-13,4.45146559355818e-12
"FLRT2",1.84074977482851e-13,4.82930196899382e-12
"PIN1",1.89515070303514e-13,4.95813727012229e-12
"MICAL2",2.25597318603832e-13,5.88568895564239e-12
"HTRA1",2.30593322214645e-13,5.99932027825905e-12
"CREG2",2.36921593455008e-13,6.14688750497766e-12
"GOT1",2.45137243837235e-13,6.34247188063765e-12
"CAMK2N1",2.88213897192691e-13,7.43645775289081e-12
"PNCK",3.44169137633799e-13,8.85581146536517e-12
"GABBR2",4.16555678839359e-13,1.06890231382857e-11
"RIMS3",6.16617867876812e-13,1.57794856194468e-11
"FAM19A2",6.67466082404644e-13,1.70341693107482e-11
"ITPKA",7.92477194977437e-13,2.01695763808544e-11
"SMYD2",8.25672863413729e-13,2.09574996345163e-11
"PTK2B",8.55093773566296e-13,2.16456106415626e-11
"ATP6V1G2",9.07496300328603e-13,2.2910194471884e-11
"KCNC2",9.51683176708684e-13,2.39611288421125e-11
"BEX1",1.01074704161874e-12,2.53799913165867e-11
"NAPB",1.04971586978309e-12,2.62880264407712e-11
"VGF",1.2720935416155e-12,3.17720766867407e-11
"TMBIM6",1.30728761149612e-12,3.25642531929492e-11
"RPS18",1.52122758834139e-12,3.77929388604687e-11
"HCN1",1.67621472257906e-12,4.15332267515671e-11
"STXBP1",2.0122792321331e-12,4.97286714977842e-11
"SLC9A3R1",2.0495827257605e-12,5.05172472904981e-11
"ATP5IF1",2.06301642435847e-12,5.07148951556915e-11
"NCDN",2.29172236743125e-12,5.61896675709987e-11
"SCD5",2.62279087337447e-12,6.41390778918844e-11
"MEG3",2.70905520238784e-12,6.60761077168689e-11
"CHGA",2.79820611126524e-12,6.80732982580605e-11
"HS6ST3",2.8066438062524e-12,6.81016786222406e-11
"ANXA6",3.0767610681437e-12,7.44630170399583e-11
"RARRES3",3.12572190352967e-12,7.54529862175792e-11
"OXR1",3.34610117391776e-12,8.0565162815067e-11
"CHN1",4.47530901226401e-12,1.07477175104606e-10
"RPL37",4.49851267347867e-12,1.077581217841e-10
"ADCYAP1",5.44075895447804e-12,1.29996374579076e-10
"NDUFB1",5.55555601522428e-12,1.32401468673218e-10
"ATP1A3",5.99342797613645e-12,1.42474417813365e-10
"TTC9B",6.25410834231843e-12,1.48294869754161e-10
"PAK1",6.68443078666314e-12,1.58098251548746e-10
"PFN1",7.38575867131885e-12,1.74245844003384e-10
"GUCY1B1",7.67896857212236e-12,1.80708108539548e-10
"SULT4A1",7.83428877326742e-12,1.83901174164016e-10
"CYP46A1",8.53606074713298e-12,1.99873550805394e-10
"PRKAR1B",1.45882195212721e-11,3.40734210078398e-10
"CDK5R1",1.49811274496869e-11,3.4904085817276e-10
"NAP1L5",1.62907465295348e-11,3.78611466260656e-10
"CST3",2.07399653007201e-11,4.80822168147683e-10
"CPLX2",2.1399326755045e-11,4.94883425878725e-10
"RPLP1",2.61280996838309e-11,6.02753322334072e-10
"BTBD8",2.68038924389202e-11,6.16824022800591e-10
"SLC17A7",3.13762349435365e-11,7.20275242493138e-10
"VIM",4.08479916558235e-11,9.35416923472643e-10
"EPDR1",4.35472768955947e-11,9.94798148343247e-10
"C9ORF16",4.43236558567150e-11,1.01007023746205e-09
"EPHA4",4.88260543107799e-11,1.10997254306528e-09
"LINGO1",5.26101384679123e-11,1.19310101537898e-09
"RTN1",5.3034687752529e-11,1.19982386845688e-09
"C2ORF80",5.60214097333755e-11,1.26433965281972e-09
"CDH22",5.87350168501644e-11,1.32239618960069e-09
"COX7B",6.13629147494521e-11,1.3782491954802e-09
"C1ORF115",6.51487752634239e-11,1.45978130053245e-09
"GAD1",7.04953873054137e-11,1.57581235089831e-09
"PNMA2",7.50597362042527e-11,1.67384625699903e-09
"TUBA4A",7.52570228357285e-11,1.67425945401215e-09
"RPS15",8.67539373672344e-11,1.92546028735894e-09
"CADPS2",1.02771569032711e-10,2.2755712688964e-09
"CALM3",1.08996145442575e-10,2.40770406103812e-09
"SNHG25",1.10395692587417e-10,2.43288186157533e-09
"CTXN1",1.13060671935727e-10,2.48576337698653e-09
"YJEFN3",1.14773968107329e-10,2.51752240302985e-09
"TMOD1",1.2039746977166e-10,2.63470146637301e-09
"SV2A",1.40722211661171e-10,3.07229689561274e-09
"RPS16",1.48639323072075e-10,3.23759920950293e-09
"SERF2",1.69545377737279e-10,3.68439773119838e-09
"SNAP25",1.83675519238591e-10,3.98222093844982e-09
"GRIA2",1.86225257436945e-10,4.02817666306887e-09
"PFKP",2.18960849451832e-10,4.72535631319643e-09
"STMN3",2.2533530597002e-10,4.85174322762566e-09
"FKBP1A",2.69228972449298e-10,5.78353178230428e-09
"SYBU",2.73052691568410e-10,5.85224968623126e-09
"ATP6V1H",2.84761547675316e-10,6.08926754697083e-09
"PLCB1",2.88146950744306e-10,6.14762446142837e-09
"TPBG",2.94558710756121e-10,6.27013679574931e-09
"EGR3",3.43652439838138e-10,7.29858490013187e-09
"CYCS",3.90650289894268e-10,8.27796724662064e-09
"RPS3",3.98875821261413e-10,8.43318848890913e-09
"PACSIN1",4.57571536216506e-10,9.65236759189609e-09
"KCNC1",4.7984682893798e-10,1.0099513179393e-08
"MIAT",4.82109685506771e-10,1.01243889203769e-08
"ATP6V1B2",4.98035390705809e-10,1.04354337212707e-08
"SYN1",5.38015632045585e-10,1.12479843236444e-08
"SYP",5.39803979293652e-10,1.12602378147223e-08
"COPS9",5.59199353489248e-10,1.16389008623749e-08
"PCP4L1",5.79896797248125e-10,1.20429252414084e-08
"CHL1",6.0329563567052e-10,1.25011386190969e-08
"NCALD",6.33505470304385e-10,1.30981508988614e-08
"RPL37A",7.24266424612097e-10,1.49417106523025e-08
"HSPB1",7.64724839008579e-10,1.57416996624433e-08
"SLC1A2",7.73966446487862e-10,1.58969977483538e-08
"PREPL",8.13469513971654e-10,1.66718158178235e-08
"SELENOH",8.59876503334078e-10,1.758443528993e-08
"DLGAP1",8.88371376461805e-10,1.81275742897339e-08
"COX7A1",9.025278302488e-10,1.83764066634808e-08
"FIS1",9.96933868790961e-10,2.02545802418602e-08
"MPPED1",1.04882091900294e-09,2.1262640062844e-08
"ENO2",1.24339094575987e-09,2.51526954078261e-08
"SERPINI1",1.39375266883235e-09,2.81336158805778e-08
"PDP1",1.48897461027531e-09,2.99910838838854e-08
"MFGE8",1.51963064354277e-09,3.05428773370476e-08
"HTR2A",1.58131063798805e-09,3.17145193728e-08
"TMEM130",1.59571911240164e-09,3.19351099539299e-08
"GLS",1.97115423983263e-09,3.93645768997999e-08
"DPP6",2.17300444305124e-09,4.33032585947575e-08
"NDFIP1",2.23123208797915e-09,4.43692065155909e-08
"RPL11",2.37996533591911e-09,4.72265755014267e-08
"TSPYL1",2.54386689491071e-09,5.03722169258237e-08
"ADIRF",2.72765487974169e-09,5.3897534626501e-08
"NREP",2.76825073974862e-09,5.45845377888208e-08
"CACNB2",2.97594326958972e-09,5.8556554866817e-08
"SYNJ1",3.08699388273936e-09,6.06143164477502e-08
"KCNIP2",3.11080339265857e-09,6.09540391198003e-08
"FBXW7",3.67235941656219e-09,7.18071165947633e-08
"FXYD7",4.0155101466155e-09,7.83533036173131e-08
"RPS14",4.07246236733272e-09,7.92993861570686e-08
"ATRNL1",4.31526692157291e-09,8.37702236212384e-08
"MTRNR2L8",4.31995261784834e-09,8.37702236212384e-08
"MGST3",4.7203541075902e-09,9.1345475292029e-08
"BST2",4.97705721080877e-09,9.61144569405723e-08
"PSD",5.60577628760939e-09,1.08033218586648e-07
"DIRAS1",6.10706862858024e-09,1.17452336674308e-07
"NAT8L",6.25943230581072e-09,1.201359389676e-07
"KIAA1211L",6.39882569153372e-09,1.22560138436676e-07
"ATP5MD",6.55580190134231e-09,1.25310529176329e-07
"RTN4R",6.67034028012381e-09,1.27240193104337e-07
"KCNV1",7.1407602053597e-09,1.35936839538899e-07
"ATP5F1B",7.53416107279747e-09,1.43134987227262e-07
"ISCU",7.69917396503672e-09,1.45973830986653e-07
"CNKSR2",8.56063875342983e-09,1.61979030047921e-07
"RPS11",8.62775006993388e-09,1.62919737447333e-07
"KALRN",9.17521447707514e-09,1.72909023593549e-07
"EFHD2",1.04300643677391e-08,1.96162265229737e-07
"PIK3R1",1.07543203231586e-08,2.01855340716777e-07
"KCNAB2",1.10541579223522e-08,2.07068235389135e-07
"PLK2",1.17218605932834e-08,2.19137472531877e-07
"ITPR1",1.21744572201266e-08,2.27145277996955e-07
"TOLLIP",1.29217543332061e-08,2.40608694713654e-07
"MAPK10",1.43433218635636e-08,2.66548982943024e-07
"CNTNAP2",1.51772814316331e-08,2.81488353861114e-07
"C4ORF48",1.54967364496272e-08,2.86845177220068e-07
"PPP3R1",1.61536721776656e-08,2.98415328753951e-07
"RASGRF2",1.61911597462705e-08,2.98519061440522e-07
"NAP1L3",1.6462467833378e-08,3.02924904167497e-07
"SNN",1.65730735801617e-08,3.04362192934602e-07
"RPL18",1.6755103082744e-08,3.07102976751122e-07
"CNIH2",1.72735596937201e-08,3.15987356949199e-07
"FGF12",1.81065812343562e-08,3.30580258119708e-07
"TMEM59L",1.89582850529391e-08,3.45456804992615e-07
"RAB6B",1.94350564530765e-08,3.53456847420512e-07
"SFXN5",2.18888260850036e-08,3.96941112634326e-07
"IPCEF1",2.19108287069503e-08,3.96941112634326e-07
"PHYHIP",2.44020080808482e-08,4.4121841379821e-07
"UCHL1",2.50507051768878e-08,4.52074926152675e-07
"LTF",2.51301032205831e-08,4.52635644293041e-07
"CACNG3",2.52766094721579e-08,4.54400622218922e-07
"GATA3",2.73426483676786e-08,4.90600398341795e-07
"RPL12",2.7473796571087e-08,4.92010998821899e-07
"SSTR1",2.82064264167659e-08,5.04167216571403e-07
"MT3",2.87072343674311e-08,5.12141387376696e-07
"CAMK4",2.94005122469798e-08,5.23512402745371e-07
"ATP5F1C",3.1777488640472e-08,5.64763705520846e-07
"HSPA8",3.21920680113053e-08,5.71048212117067e-07
"ZBTB18",3.23609291585925e-08,5.72958455318387e-07
"FAM49A",3.32316367757102e-08,5.87264413763885e-07
"MAP2",3.37241936598787e-08,5.94846452057598e-07
"BEX2",3.53206532910377e-08,6.21692666769834e-07
"ACSL6",3.53789656459824e-08,6.21692666769834e-07
"RPL35",3.71041886104706e-08,6.50787951632242e-07
"TGFBR3L",3.91499586083199e-08,6.85100745131976e-07
"L1CAM",3.92068009169577e-08,6.85100745131976e-07
"ARHGDIG",4.09956515401433e-08,7.15025169198419e-07
"RPL8",4.11823697366032e-08,7.16946716097675e-07
"R3HDM1",4.36107436829758e-08,7.57813869708294e-07
"FCGRT",4.38165242977462e-08,7.59979691281231e-07
"RPS8",4.44350958250794e-08,7.69283961474349e-07
"LMTK2",4.7698157756848e-08,8.24252249779952e-07
"NRSN1",5.10597630842824e-08,8.80717828442549e-07
"HPRT1",5.23319592105054e-08,9.0100233532607e-07
"ACTN1",5.37699640368317e-08,9.24061903475678e-07
"PPFIA2",5.49295344765e-08,9.42260743363041e-07
"RPL32",5.78776786497315e-08,9.91018130634183e-07
"NLK",5.90909324804656e-08,1.00994589202002e-06
"AEBP1",5.96586873236049e-08,1.01743970383514e-06
"MRPL33",5.97466485174891e-08,1.01743970383514e-06
"EHD3",6.19890310193938e-08,1.05370992565736e-06
"PPDPF",6.28339411612444e-08,1.06613707296053e-06
"CAMKK1",6.62106723892109e-08,1.12140035464542e-06
"NRXN1",6.86677488204168e-08,1.16091618840252e-06
"TSPYL4",7.34613107011839e-08,1.23971972650818e-06
"TSC22D1",7.54822975235214e-08,1.27153447965556e-06
"YWHAG",8.13525100618051e-08,1.36796058486058e-06
"DDN",8.67291412021132e-08,1.45575626957186e-06
"PRKCB",9.23507004202406e-08,1.54734162223644e-06
"CHGB",9.36112445337756e-08,1.56566129059021e-06
"LDB2",9.49723971688243e-08,1.58559534046953e-06
"FRRS1L",1.03574212984014e-07,1.72612860052573e-06
"SYT4",1.06050729864471e-07,1.76426203647839e-06
"NRCAM",1.11787305523414e-07,1.85639848941679e-06
"UQCRFS1",1.18044737984491e-07,1.9568431071562e-06
"CHRDL1",1.36432131814246e-07,2.2576574928353e-06
"DNM1",1.40871020848365e-07,2.32700022370152e-06
"DLG4",1.42305060846226e-07,2.3465501037298e-06
"SLC4A10",1.45701484433047e-07,2.39833327056994e-06
"SLC6A17",1.46267980616344e-07,2.40343417373273e-06
"DMTN",1.63146635534517e-07,2.67608458216008e-06
"ADGRB1",1.66962899061929e-07,2.73389461984277e-06
"MYL6",1.74047453338488e-07,2.84492533756912e-06
"RGMA",1.75251339884497e-07,2.85961309245176e-06
"SERPINF1",1.78923418192589e-07,2.91445372353397e-06
"FAM107A",1.79878355544005e-07,2.92492171843589e-06
"ELMOD1",1.8472562790528e-07,2.99853526215957e-06
"SATB1",1.85056024726293e-07,2.99870133050579e-06
"LNX1",1.87995267575403e-07,3.04106830761145e-06
"RPL36",1.94063333291972e-07,3.13381471328905e-06
"RASGRF1",2.05930286600875e-07,3.3197235065408e-06
"RPS23",2.10002316980429e-07,3.37955037115127e-06
"TCEAL6",2.1619030765585e-07,3.47316556820517e-06
"SEZ6L",2.34780535235402e-07,3.76536484351666e-06
"SLC25A4",2.36704366773921e-07,3.78972961882925e-06
"GHITM",2.66982774999036e-07,4.26720442670416e-06
"C1ORF122",2.73834197983547e-07,4.3692551342406e-06
"THY1",3.33417640385747e-07,5.31091156380963e-06
"RPL23A",3.38040745284651e-07,5.37540978909778e-06
"WSB2",3.4433901108244e-07,5.466282070429e-06
"GNAL",3.62641069173719e-07,5.747081126356e-06
"ACOT7",3.66447285182758e-07,5.7975916654747e-06
"SCN8A",3.72699178297076e-07,5.87850189622524e-06
"KIAA1549L",3.72816637783657e-07,5.87850189622524e-06
"ATP1B2",3.75493313775621e-07,5.91075644617551e-06
"NDUFA8",3.87891803677043e-07,6.09568007189119e-06
"PFN2",3.92968545481764e-07,6.16511639574013e-06
"SMIM37",4.07716625017152e-07,6.38579626762285e-06
"MLLT11",4.10400062156313e-07,6.41709424473237e-06
"RPL41",4.16690602134118e-07,6.5045952462133e-06
"REEP2",4.17437305499924e-07,6.50540903582451e-06
"PTPRN",4.18363063081628e-07,6.50900589582356e-06
"ATP2B1",4.48009689679729e-07,6.95869684844904e-06
"FXYD1",4.83875958523505e-07,7.50334521739828e-06
"ZNF703",4.9011313363323e-07,7.58750146589296e-06
"ATP6V1A",5.52186329549897e-07,8.53435783991643e-06
"CAMKK2",5.68598025663114e-07,8.76011657824767e-06
"PLPPR4",5.68663878652842e-07,8.76011657824767e-06
"SYNGR3",6.46175768337365e-07,9.93782162729441e-06
"SLC39A6",6.51829549225269e-07,1.00083395576063e-05
"RPL4",7.15707081822003e-07,1.09711442788327e-05
"COL5A2",7.51195789461256e-07,1.14963385587365e-05
"LGALS1",8.05366391687379e-07,1.23052615731158e-05
"RUNDC3A",8.93058748729914e-07,1.36228972288455e-05
"PABPC1",9.21269102005517e-07,1.40303728443335e-05
"MFSD4A",9.23333000946158e-07,1.40389771753843e-05
"SH3GL2",9.33584726192649e-07,1.41718450726119e-05
"ATP5MF",9.36848199906137e-07,1.41983727553476e-05
"ST8SIA3",1.01245255623716e-06,1.53194034667877e-05
"DGKB",1.03508144733144e-06,1.56365398875897e-05
"EIF4A2",1.0466142691401e-06,1.57853012106775e-05
"STX1B",1.07717629660442e-06,1.6205641844842e-05
"GNB5",1.07794464909716e-06,1.6205641844842e-05
"NDUFA12",1.14096794878726e-06,1.71166432177289e-05
"LZTS3",1.1421964170033e-06,1.71166432177289e-05
"ARL4C",1.21981474365818e-06,1.82506092645586e-05
"NDUFB3",1.26892498220066e-06,1.89551065061485e-05
"SCG2",1.27850485109882e-06,1.90677987092433e-05
"PPP3CA",1.30793463337664e-06,1.94757062935987e-05
"NGEF",1.36133906702973e-06,2.02387450945608e-05
"CISD1",1.40034666284983e-06,2.07856697912297e-05
"VDAC1",1.40734150666511e-06,2.08564428779506e-05
"PFKM",1.41664288810794e-06,2.096112065304e-05
"PAM",1.46373925424825e-06,2.16238133515165e-05
"ATP6AP2",1.64516698830663e-06,2.42657703565849e-05
"ATP5MPL",1.67696106578852e-06,2.46730905112489e-05
"SNX10",1.67805102391227e-06,2.46730905112489e-05
"CDK14",1.84385320456393e-06,2.70684561093262e-05
"TPT1",1.85593891166569e-06,2.72032405112271e-05
"CCDC136",1.97945980673353e-06,2.89684018167626e-05
"CLTC",1.9949760353688e-06,2.91499272819881e-05
"SLC22A17",2.15841616646451e-06,3.14889354934812e-05
"HLA-DRB1",2.30716399418629e-06,3.36066570918121e-05
"MYO5A",2.39261206314012e-06,3.47971954727045e-05
"SST",2.43702530422496e-06,3.53881733555862e-05
"TM6SF1",2.46680654070186e-06,3.57651783768686e-05
"ATP6V1F",2.59280405723317e-06,3.75338608038418e-05
"HLA-E",2.72241427734521e-06,3.93493017226618e-05
"FAM3C",3.28565777629741e-06,4.7417150525005e-05
"PNMA8A",3.39430042728406e-06,4.89096713162555e-05
"CTSB",3.66703625787057e-06,5.27584511880537e-05
"NPTX2",3.97980956678978e-06,5.7170569449492e-05
"SCG5",4.05045632978496e-06,5.80963161604628e-05
"C14ORF132",4.10806162309818e-06,5.8832462060591e-05
"KIF3C",4.16751503884427e-06,5.95927871502269e-05
"MTRNR2L12",4.43204266076247e-06,6.32787533832971e-05
"NAPA",4.75411857492336e-06,6.7773897585685e-05
"SCG3",5.08130177112598e-06,7.2328076619807e-05
"PTPRT",5.21854438495506e-06,7.41688916471217e-05
"ATP5F1A",5.32768969330188e-06,7.56053987710549e-05
"MAP7D2",5.53715708284663e-06,7.84590791712871e-05
"NDRG2",5.57561099978621e-06,7.88846129315889e-05
"TMX4",5.6099943805954e-06,7.92513593148554e-05
"TIMP1",5.80697483953951e-06,8.19105207667392e-05
"ATP5MC1",6.0413993774322e-06,8.50890594863918e-05
"HK1",6.12564057056453e-06,8.61459973549641e-05
"STX1A",6.34773915664244e-06,8.9135572965259e-05
"NDUFB4",6.55897024870455e-06,9.18351449499782e-05
"COX7A2",6.55959779871651e-06,9.18351449499782e-05
"MKL2",6.58521584062655e-06,9.20561978790125e-05
"GABRA5",6.89543926712943e-06,9.62492246440072e-05
"GABRB3",7.7611269401201e-06,0.000108171620496569
"ATP5PO",8.06881350956523e-06,0.00011229293570129
"CA11",8.23204514988074e-06,0.000114394638256507
"RPS15A",8.55246551423328e-06,0.000118671212842589
"HLF",8.82326863482774e-06,0.000122247680653705
"SNRPN",9.97281662740157e-06,0.000137970737919392
"CNTN1",1.1036068510939e-05,0.00015245529621837
"PTPRN2",1.11093649065586e-05,0.000153241812483896
"RBFOX1",1.19272032804707e-05,0.000164281072931136
"PDE2A",1.2959101770682e-05,0.000178047181677191
"DMXL2",1.29646756514834e-05,0.000178047181677191
"NECAP1",1.3052966074234e-05,0.000178997237172439
"PCSK2",1.34974724438353e-05,0.000184822214642334
"CLSTN1",1.35859794623272e-05,0.000185762567230858
"ACTR3B",1.43884618021284e-05,0.000196448209386747
"SHANK3",1.47636995260214e-05,0.00020127798813642
"CADPS",1.48674778488456e-05,0.000202398217779255
"IGFBP4",1.4945185792925e-05,0.000203160802009507
"LDHA",1.51894994864232e-05,0.00020618268690972
"NUAK1",1.59550912386397e-05,0.000216261428208123
"ROCK2",1.72097406238025e-05,0.000232930335693412
"CD81",1.739461141681e-05,0.000235092794767589
"SV2B",1.7819277935871e-05,0.000240485255029757
"C1QTNF4",1.8402991601274e-05,0.000248005576062808
"CAMK2G",1.88308967662421e-05,0.000253407570393918
"RPL7",2.06681610495085e-05,0.000277732613534773
"GRIN2B",2.07609121279928e-05,0.000278579291652138
"NCKAP1",2.18686533950407e-05,0.000293023659404483
"RPL34",2.27548862552496e-05,0.000304462950014713
"AP1S1",2.32749390732812e-05,0.000310977062553548
"RPS28",2.33715753801267e-05,0.000311823396218973
"PNMA1",2.36507667461527e-05,0.000315099505788419
"PGK1",2.42533021119762e-05,0.000322668105791975
"TSPAN13",2.44493455385797e-05,0.000324814900314719
"RPS21",2.45066662499793e-05,0.000325115262096321
"HSPH1",2.45684927977496e-05,0.000325474465881292
"SERP2",2.47464594942404e-05,0.00032736906431914
"ITPK1",2.54672258808153e-05,0.000336428847025276
"PPP3CB",2.56632794202183e-05,0.000338541275355673
"HSBP1",2.62889321182014e-05,0.000346306917261388
"ITM2C",2.72257209011917e-05,0.000358143618022637
"PRUNE2",2.76432255028602e-05,0.000363125718322423
"RPS5",2.84383679094447e-05,0.000373047624446529
"DYNLT3",3.06680185997443e-05,0.000401732991087945
"CEND1",3.09520557666421e-05,0.000404645058483413
"YARS",3.09767303101616e-05,0.000404645058483413
"COX7C",3.1459879590745e-05,0.000410384012981665
"KLC2",3.20830977071918e-05,0.000417931615449046
"SYNGR1",3.22321800036995e-05,0.000419290483461384
"CAMKV",3.25574193116296e-05,0.000422933932292476
"PIP5K1C",3.28605691415351e-05,0.000426280734729472
"SPTAN1",3.29989787246632e-05,0.000427484157096933
"NTRK3",3.3079356915211e-05,0.000427933527725408
"FAM131A",3.31585351793784e-05,0.000428366157186057
"FAU",3.4970801664258e-05,0.000451156054052299
"KIFAP3",3.91228926504006e-05,0.000504027658772253
"GABARAPL1",4.02778281380911e-05,0.000518194127860532
"KLC1",4.44438884861231e-05,0.000571008197416495
"NRSN2",4.49641786290922e-05,0.00057690144460343
"SIRPA",4.59655645301815e-05,0.000588942700600202
"CLEC2L",4.86798630963126e-05,0.000622868100084281
"SNAP91",4.90386747546978e-05,0.000626603148216844
"MYT1L",4.92342809710333e-05,0.000628245464497699
"CRLF1",4.97384314335214e-05,0.000633815080354899
"RAP1GAP2",5.39729747508488e-05,0.000686841238863766
"SCN2A",5.47403066967211e-05,0.000695660846023475
"B3GAT1",6.03513093031527e-05,0.000765928371094853
"RPH3A",6.20045996320151e-05,0.000785845718396196
"B4GALNT1",6.28690511248475e-05,0.000795725009420523
"FBXO2",6.51419740913539e-05,0.000823380409320994
"BSN",6.54057287596821e-05,0.000825600040968223
"SEZ6L2",6.84514525843838e-05,0.000862882531245184
"TRIO",7.03165199702482e-05,0.000885201733082564
"AP2M1",7.07715025951572e-05,0.000889733547216229
"PLD3",7.16357325607486e-05,0.00089939133902255
"COX8A",7.49012883944911e-05,0.000939131717827491
"NUDT4",7.66626465946718e-05,0.000959931034060042
"RAB40B",8.01700363657343e-05,0.00100140856704478
"TPI1",8.01889900503561e-05,0.00100140856704478
"DSTN",8.36180898891037e-05,0.00104284107280987
"PCLO",8.51505103123262e-05,0.00106054044761659
"CYFIP2",8.80196973005454e-05,0.00109481998532073
"RPL3",8.90871456729059e-05,0.00110662765896217
"PIANP",9.42441031837049e-05,0.00116913606214158
"NRXN3",9.83751850418546e-05,0.00121876953233777
"INPP5F",9.87338499476298e-05,0.00122159716028011
"NEGR1",0.000100209142997354,0.00123821472527633
"PPP2CA",0.000108479527494598,0.00133864010185128
"IDS",0.000108984536967172,0.00134310236313301
"ATL1",0.00011245405869964,0.00138403891068652
"RPS24",0.000112626584007236,0.00138434317153991
"VPS35",0.000118317681801594,0.00145238895010391
"SYNPR",0.000123106122431826,0.00150919068419978
"PINK1",0.000133534320821083,0.00163489282864174
"RPL18A",0.000134340559150958,0.00164261658733331
"ADGRB2",0.000138630153064923,0.00169285656047437
"MBOAT7",0.000140030171114303,0.00170772612200827
"PWAR6",0.000140621825909903,0.0017127115049793
"HSP90AA1",0.000146823232583415,0.00178591949724964
"CBLN2",0.000150026957814298,0.00182252186364485
"ADD2",0.00015291176108545,0.00185516017169756
"UBE2QL1",0.000161255970326235,0.00195386310023948
"CLTB",0.00017648883884136,0.00213566980388496
"CDH13",0.000180434386250483,0.00218059708052714
"PPP1R1A",0.000196414604351602,0.00237066330474529
"NSMF",0.000197648106237236,0.0023824810820291
"NEUROD2",0.000201300558213324,0.00242338940221461
"IL6ST",0.000203078748526764,0.00244165805659469
"PTPN5",0.00020404552835418,0.00245013661851473
"ARPC5L",0.000211648952269883,0.0025381828840092
"MEF2A",0.000212898493065605,0.00254990298000809
"SPOCK1",0.000214949039591961,0.00257117459945
"PCMT1",0.000231650441545828,0.00276741883095322
"PNMA8B",0.000242744112754822,0.0028962554977463
"DPY19L1",0.000246087379616622,0.00293240950085796
"CDK5R2",0.000247367814452781,0.00294392188266396
"FAM81A",0.000249866445271918,0.00296988438527629
"RPS27A",0.000253467415192388,0.00300886674876799
"ICAM5",0.000255939644984715,0.00303436830963697
"SCN3B",0.000264633605141507,0.00313347570581424
"ATP13A2",0.000266275752806133,0.00314893910132705
"MT1E",0.00027145690024899,0.00320616242765192
"WFDC2",0.000289646089458584,0.00341668537830646
"TUBA1B",0.000292602253291419,0.00344721491160044
"ITFG1",0.000297855511528833,0.00350469634046038
"FAM19A5",0.000306141978024588,0.00359767878020398
"DKK3",0.00030699068089346,0.00360313158651747
"IPO5",0.000313473783476681,0.00367461859545923
"RPS4X",0.000327342823311261,0.00383239847770879
"ETV1",0.000341988439504837,0.00399886489660728
"PDK2",0.000343608708603504,0.004012800936103
"LZTS1",0.000347729997517421,0.00405587380920868
"BAIAP3",0.000359369167792001,0.00418641798316628
"TMSB10",0.000368486716505689,0.00428729905725384
"WASF1",0.000396106867524004,0.00460293828884039
"SLIT1",0.000433935417733067,0.00503627441762099
"SMARCA2",0.000454461315420485,0.0052669326113422
"RPL29",0.000454934068828905,0.0052669326113422
"MAP2K1",0.000471049814448454,0.00544677756927168
"SPTBN2",0.00048335966294244,0.00558222545751852
"ADCY1",0.000493902724653994,0.00569696058644623
"PRKCE",0.000501268042719105,0.0057748046099984
"LRP3",0.000526065114674679,0.00605303130931683
"ARHGEF12",0.000528219085653037,0.00607035797348124
"PGAM1",0.000537524550262902,0.00616972728696346
"HS6ST1",0.000539801538732232,0.00618827897223862
"ATP1B1",0.000540870966406759,0.00619295875859488
"SYT13",0.000567310563279078,0.00648776022064831
"CAMK2B",0.000573868204413741,0.00655475000781972
"NELL1",0.000574743336422601,0.00655674977106786
"DYNC1I1",0.000590402883696828,0.00672720209341204
"ATP1A2",0.000595249147530508,0.00677418057263966
"PRKCA",0.000597195596283129,0.00678808398580164
"CRMP1",0.000615737018195395,0.00699035348958718
"SSBP4",0.000618097442069643,0.0070086556242978
"PKM",0.000622211094214009,0.00704676945238467
"NDFIP2",0.000638954928897539,0.00722765992454513
"IGSF8",0.000641080440397901,0.00724295552039092
"CBX6",0.000646114837099532,0.00729103937858787
"DDRGK1",0.000658187719425274,0.00741833725064392
"SPOCK2",0.000666964172126638,0.00750822019912279
"USP11",0.000669874812963323,0.0075319333709886
"KLHDC3",0.000675122739456024,0.00758183812083309
"FGF13",0.000676554210665481,0.0075888146890768
"AMPH",0.000682795293713401,0.00764965878348581
"COX6B1",0.000720122055106187,0.00805820805669612
"RPS13",0.000745775669579674,0.00833531494785371
"COX5A",0.0007858354621888,0.00877258297183414
"CAMK1D",0.000829562637855386,0.00924970154799058
"CAMK2D",0.00086864687315058,0.00967397781259468
"SYT7",0.000873401762270243,0.00971538005711272
"RBFOX3",0.00087925737414607,0.00976891356133809
"SEPT3",0.000880804394852719,0.00977450669495877
"CHCHD2",0.000886955797184674,0.0098311220964249
"RPLP0",0.000915062980227033,0.0101306764440493
"SLC25A22",0.000931884177554632,0.0103047236560946
"C1ORF61",0.000981676518305497,0.0108425235138025
"HSPA12A",0.000999234855021958,0.0110234543116475
"CYP26B1",0.00115834124112979,0.0127636655426016
"ARHGAP32",0.00123547791081124,0.0135931458720595
"PRDX5",0.00123652172225541,0.0135931458720595
"HINT1",0.00123951806255529,0.0136101104845378
"CALD1",0.0012686688158009,0.0139138788109922
"TRIM37",0.00141394144586759,0.0154889911714805
"CRIP2",0.00154261754764484,0.0168788294411038
"SNCA",0.00157812829124748,0.0172472280463726
"COPS8",0.00158226205936296,0.0172722513228094
"ID4",0.00162790566181448,0.0177468945679455
"ABR",0.00162953239392216,0.0177468945679455
"ACTG1",0.00182178622536622,0.019817646834689
"PTPRF",0.00186391391226104,0.0202523957926035
"SH3BGRL2",0.00187647784918799,0.0203652838940069
"RASGRP1",0.00191269964600949,0.0207343706196645
"CCDC92",0.00197942561214925,0.0214328981428281
"GNG7",0.00199275362479212,0.0215522957441782
"FLNA",0.00201831552903031,0.0218035789296255
"YWHAZ",0.00209929132888231,0.0226522219817081
"RPL10A",0.00219780645310486,0.0236879506651417
"UNC13A",0.00224694250018143,0.024189702566117
"PRDX2",0.00230946150134792,0.0248342125647387
"PKIG",0.00248399396774845,0.0266325882314586
"ADGRL1",0.00248510474957442,0.0266325882314586
"DGKZ",0.00248523227474118,0.0266325882314586
"GPR162",0.00274677058285344,0.0294016806865386
"ARPP19",0.00284887851841786,0.0304598420135781
"RPL39",0.0029671969974201,0.0316887136139886
"COX5B",0.00297864844700835,0.031774780207675
"UBA52",0.00310452303102626,0.0330798729639596
"BAIAP2",0.00314280476948869,0.0334497251438319
"PDZD2",0.00327736183136196,0.0348422590398366
"LUZP1",0.00330164654243847,0.0350606380265539
"ATP5F1D",0.00335639993782888,0.0356017071038283
"WDR47",0.00360044942972237,0.038147165410299
"IDH3B",0.00365152754488118,0.0386446281248934
"OPN3",0.00388817993158885,0.0411027097834454
"PPP1R9B",0.00400872974859223,0.0423292897316416
"ANK2",0.00405279147707338,0.0427463576881082
"SLC2A13",0.004079493619775,0.0429795950598762
"CMAS",0.00438123682760549,0.0461067536700994
"UQCR10",0.00451436639273606,0.0474544475942515
"SUCLA2",0.00464168280289812,0.0487380811403608
"RCN1",0.00466124884252239,0.0488887183117224
"TCEAL2",0.00503583901736782,0.0527584638335199
"CACYBP",0.00516829054081913,0.0540856068326734
"SNX3",0.00542832306579588,0.0567434188813458
"ARPC2",0.00554631325089383,0.0578526359376531
"DLGAP3",0.00554678926069241,0.0578526359376531
"PCDH10",0.0055802169256487,0.0581365441899401
"RPL26",0.00571207289858888,0.0594441407795838
"CKB",0.00581123983842069,0.060409025644926
"RPSA",0.00590942609087786,0.0613615879323607
"KIFC2",0.00651725845727225,0.0675981820041223
"CALM1",0.00655137086262647,0.0678768338907181
"CDC37",0.00667128355952185,0.069042839385307
"KCNJ4",0.00689236693632411,0.0712521567800513
"NAA38",0.00690818962252793,0.071336990709577
"G3BP2",0.00711688779429021,0.0734111609716966
"B4GAT1",0.00717796488978384,0.0739597217503323
"TMEFF2",0.00726872768619924,0.0748126138498237
"CELF2",0.00737661327505168,0.0758396746040948
"EPHA5",0.00777063622497765,0.0798030632544244
"OAT",0.00814300692877423,0.0835356485885959
"PCDH7",0.00826300182650885,0.0846738827871398
"THRA",0.00829588976034823,0.0849179889156781
"SLC8A1",0.00844018040916605,0.0863006522825368
"SLC8A2",0.00849195234092792,0.0867353298798564
"RCAN2",0.00901209671010095,0.0919477241991289
"ASPH",0.011938137894959,0.121668709529495
"RNF208",0.0123832745870011,0.126068184276128
"RGS12",0.0124150957081965,0.12625490626798
"TIAM1",0.0124722740392775,0.126698812847729
"UGP2",0.0137769144128546,0.139800292964635
"CPNE6",0.0147248599143726,0.149257795426479
"IQSEC1",0.0153919029985047,0.155850574352242
"ARL6IP1",0.015412591389647,0.155891523092988
"MAPK1",0.0166721365444149,0.168449352705075
"PRKCG",0.0184977475000193,0.186693282983073
"NEDD8",0.0194627960865146,0.1962218385609
"CPNE5",0.0196450519606541,0.197846355871148
"NDUFA5",0.0214321669238435,0.215612643501753
"TSPAN3",0.0235477913515997,0.236642142571422
"COPRS",0.0239266354868604,0.240191598093443
"GNG2",0.0249132241783281,0.249827868055
"C12ORF10",0.0254159275282535,0.254338109852355
"ARNT2",0.0254173029927875,0.254338109852355
"BNIP3",0.0259338479704907,0.259229959393265
"GLUL",0.0260480399977976,0.260093820377403
"MAN1A2",0.0279130409873736,0.278419329434897
"CHST1",0.0286015743655161,0.284983625994806
"FAM213A",0.036250822631033,0.360816230489638
"IGSF21",0.0367221161898292,0.365119156741726
"RETREG2",0.0396046880211924,0.393362292141493
"TMOD2",0.0404834908323891,0.401664807361321
"NDUFS5",0.0409930506175977,0.406290111548367
"PDZD4",0.0470000201505103,0.465333940088617
"STAC2",0.0504370485781286,0.498835678470037
"CLU",0.0607951218250655,0.600645486352569
"PHACTR1",0.0660348153696462,0.65172529542681
"HERC1",0.0912679692815093,0.899813706652862
"IGFBP7",0.15059482568917,1
"EPHB6",0.167423959396267,1
"ENHO",0.172655528613503,1
"PHF24",0.18127105384314,1
"GPRIN1",0.190290090857044,1
"JPH4",0.214795307809286,1
"OXCT1",0.224348177092343,1
"TUSC3",0.331180586263751,1
"SNPH",0.439561400990136,1
"PGM2L1",0.529631504186219,1
"SYT5",0.536499013334837,1
"KCNAB1",0.595923088002768,1
"RTL8C",0.631150869424619,1
"SLC1A3",0.748432026612944,1
"CELF5",0.805320687002316,1
"FAM234B",0.820090364503667,1
"NME1",0.878827436201704,1
"LIMK1",0.879935383887095,1
"GPM6A",0.881285274447906,1
"EEF2",0.883786271961181,1
"CD63",0.907222836317562,1
"PDE1B",0.928446803629503,1
"C16ORF45",0.929965407033687,1
"GNAS",0.933613322609768,1
"MGST1",0.936929395432243,1
"PLPP3",0.942155109607533,1
"PSD3",0.943564949290041,1
"BRK1",0.946909080404262,1
"CELF4",0.948130014180827,1
"YWHAB",0.950254976432648,1
"KIF21A",0.95027027392499,1
"RAB26",0.952194855266241,1
"FADS2",0.954346224374738,1
"EFR3A",0.95547945120974,1
"SLIRP",0.957517853625492,1
"NNAT",0.958218395878364,1
"SIPA1L1",0.960042631476676,1
"PDE8B",0.960419953632312,1
"IFI6",0.96107709603266,1
"CACNA2D1",0.961980159130327,1
"SSR4",0.962374856851575,1
"ABI1",0.963293637705286,1
"CD99L2",0.964078874643943,1
"LMTK3",0.964516892823816,1
"DNAJC6",0.964984966045968,1
"FXYD6",0.966296932259873,1
"SDC3",0.966434577193662,1
"ARHGEF9",0.966468740318708,1
"MAGED1",0.966992244904081,1
"MAP1A",0.967003014829997,1
